DOI,Source URL
10.1111/jofi.13418,https://afajof.org/issue/volume-80-issue-1/
10.1111/jofi.13411,https://afajof.org/issue/volume-80-issue-1/
10.1111/jofi.13407,https://afajof.org/issue/volume-80-issue-1/
10.1111/jofi.13409,https://afajof.org/issue/volume-80-issue-1/
10.1111/jofi.13399,https://afajof.org/issue/volume-80-issue-1/
10.1111/jofi.13397,https://afajof.org/issue/volume-80-issue-1/
10.1111/jofi.13415,https://afajof.org/issue/volume-80-issue-1/
10.1111/jofi.13405,https://afajof.org/issue/volume-80-issue-1/
10.1111/jofi.13401,https://afajof.org/issue/volume-80-issue-1/
10.1111/jofi.13400,https://afajof.org/issue/volume-80-issue-1/
10.1111/jofi.13404,https://afajof.org/issue/volume-80-issue-1/
10.1111/jofi.13388,https://afajof.org/issue/volume-80-issue-1/
10.1111/jofi.13408,https://afajof.org/issue/volume-80-issue-1/
10.1111/jofi.13402,https://afajof.org/issue/volume-80-issue-1/
10.1111/jofi.13420,https://afajof.org/issue/volume-80-issue-1/
10.1111/jofi.13419,https://afajof.org/issue/volume-80-issue-1/
10.1111/jofi.13156,https://afajof.org/issue/volume-79-issue-6/
10.1111/jofi.13403,https://afajof.org/issue/volume-79-issue-6/
10.1111/jofi.13398,https://afajof.org/issue/volume-79-issue-6/
10.1111/jofi.13393,https://afajof.org/issue/volume-79-issue-6/
10.1111/jofi.13392,https://afajof.org/issue/volume-79-issue-6/
10.1111/jofi.13395,https://afajof.org/issue/volume-79-issue-6/
10.1111/jofi.13396,https://afajof.org/issue/volume-79-issue-6/
10.1111/jofi.13391,https://afajof.org/issue/volume-79-issue-6/
10.1111/jofi.13390,https://afajof.org/issue/volume-79-issue-6/
10.1111/jofi.13381,https://afajof.org/issue/volume-79-issue-6/
10.1111/jofi.13376,https://afajof.org/issue/volume-79-issue-6/
10.1111/jofi.13394,https://afajof.org/issue/volume-79-issue-6/
10.1111/jofi.13389,https://afajof.org/issue/volume-79-issue-6/
10.1111/jofi.13385,https://afajof.org/issue/volume-79-issue-6/
10.1111/jofi.13375,https://afajof.org/issue/volume-79-issue-6/
10.1111/jofi.13155,https://afajof.org/issue/volume-79-issue-6/
10.1111/jofi.13157,https://afajof.org/issue/volume-79-issue-6/
10.1111/jofi.13153,https://afajof.org/issue/volume-79-issue-5/
10.1111/jofi.13367,https://afajof.org/issue/volume-79-issue-5/
10.1111/jofi.13370,https://afajof.org/issue/volume-79-issue-5/
10.1111/jofi.13386,https://afajof.org/issue/volume-79-issue-5/
10.1111/jofi.13380,https://afajof.org/issue/volume-79-issue-5/
10.1111/jofi.13377,https://afajof.org/issue/volume-79-issue-5/
10.1111/jofi.13373,https://afajof.org/issue/volume-79-issue-5/
10.1111/jofi.13368,https://afajof.org/issue/volume-79-issue-5/
10.1111/jofi.13366,https://afajof.org/issue/volume-79-issue-5/
10.1111/jofi.13384,https://afajof.org/issue/volume-79-issue-5/
10.1111/jofi.13383,https://afajof.org/issue/volume-79-issue-5/
10.1111/jofi.13382,https://afajof.org/issue/volume-79-issue-5/
10.1111/jofi.13378,https://afajof.org/issue/volume-79-issue-5/
10.1111/jofi.13379,https://afajof.org/issue/volume-79-issue-5/
10.1111/jofi.13372,https://afajof.org/issue/volume-79-issue-5/
10.1111/jofi.13365,https://afajof.org/issue/volume-79-issue-5/
10.1111/jofi.13374,https://afajof.org/issue/volume-79-issue-5/
10.1111/jofi.13387,https://afajof.org/issue/volume-79-issue-5/
10.1111/jofi.13154,https://afajof.org/issue/volume-79-issue-5/
10.1111/jofi.13150,https://afajof.org/issue/volume-79-issue-4/
10.1111/jofi.13359,https://afajof.org/issue/volume-79-issue-4/
10.1111/jofi.13334,https://afajof.org/issue/volume-79-issue-4/
10.1111/jofi.13325,https://afajof.org/issue/volume-79-issue-4/
10.1111/jofi.13362,https://afajof.org/issue/volume-79-issue-4/
10.1111/jofi.13357,https://afajof.org/issue/volume-79-issue-4/
10.1111/jofi.13358,https://afajof.org/issue/volume-79-issue-4/
10.1111/jofi.13363,https://afajof.org/issue/volume-79-issue-4/
10.1111/jofi.13360,https://afajof.org/issue/volume-79-issue-4/
10.1111/jofi.13361,https://afajof.org/issue/volume-79-issue-4/
10.1111/jofi.13364,https://afajof.org/issue/volume-79-issue-4/
10.1111/jofi.13371,https://afajof.org/issue/volume-79-issue-4/
10.1111/jofi.13369,https://afajof.org/issue/volume-79-issue-4/
10.1111/jofi.13340,https://afajof.org/issue/volume-79-issue-4/
10.1111/jofi.13149,https://afajof.org/issue/volume-79-issue-4/
10.1111/jofi.13151,https://afajof.org/issue/volume-79-issue-4/
10.1111/jofi.13147,https://afajof.org/issue/volume-79-issue-3/
10.1111/jofi.13343,https://afajof.org/issue/volume-79-issue-3/
10.1111/jofi.13341,https://afajof.org/issue/volume-79-issue-3/
10.1111/jofi.13338,https://afajof.org/issue/volume-79-issue-3/
10.1111/jofi.13331,https://afajof.org/issue/volume-79-issue-3/
10.1111/jofi.13342,https://afajof.org/issue/volume-79-issue-3/
10.1111/jofi.13339,https://afajof.org/issue/volume-79-issue-3/
10.1111/jofi.13332,https://afajof.org/issue/volume-79-issue-3/
10.1111/jofi.13333,https://afajof.org/issue/volume-79-issue-3/
10.1111/jofi.13336,https://afajof.org/issue/volume-79-issue-3/
10.1111/jofi.13322,https://afajof.org/issue/volume-79-issue-3/
10.1111/jofi.13335,https://afajof.org/issue/volume-79-issue-3/
10.1111/jofi.13321,https://afajof.org/issue/volume-79-issue-3/
10.1111/jofi.13323,https://afajof.org/issue/volume-79-issue-3/
10.1111/jofi.13324,https://afajof.org/issue/volume-79-issue-3/
10.1111/jofi.13337,https://afajof.org/issue/volume-79-issue-3/
10.1111/jofi.13344,https://afajof.org/issue/volume-79-issue-3/
10.1111/jofi.13148,https://afajof.org/issue/volume-79-issue-3/
10.1111/jofi.13144,https://afajof.org/issue/volume-79-issue-2/
10.1111/jofi.13328,https://afajof.org/issue/volume-79-issue-2/
10.1111/jofi.13315,https://afajof.org/issue/volume-79-issue-2/
10.1111/jofi.13317,https://afajof.org/issue/volume-79-issue-2/
10.1111/jofi.13320,https://afajof.org/issue/volume-79-issue-2/
10.1111/jofi.13300,https://afajof.org/issue/volume-79-issue-2/
10.1111/jofi.13312,https://afajof.org/issue/volume-79-issue-2/
10.1111/jofi.13307,https://afajof.org/issue/volume-79-issue-2/
10.1111/jofi.13314,https://afajof.org/issue/volume-79-issue-2/
10.1111/jofi.13290,https://afajof.org/issue/volume-79-issue-2/
10.1111/jofi.13318,https://afajof.org/issue/volume-79-issue-2/
10.1111/jofi.13319,https://afajof.org/issue/volume-79-issue-2/
10.1111/jofi.13297,https://afajof.org/issue/volume-79-issue-2/
10.1111/jofi.13313,https://afajof.org/issue/volume-79-issue-2/
10.1111/jofi.13288,https://afajof.org/issue/volume-79-issue-2/
10.1111/jofi.13310,https://afajof.org/issue/volume-79-issue-2/
10.1111/jofi.13303,https://afajof.org/issue/volume-79-issue-2/
10.1111/jofi.13296,https://afajof.org/issue/volume-79-issue-2/
10.1111/jofi.13316,https://afajof.org/issue/volume-79-issue-2/
10.1111/jofi.13311,https://afajof.org/issue/volume-79-issue-2/
10.1111/jofi.13329,https://afajof.org/issue/volume-79-issue-2/
10.1111/jofi.13326,https://afajof.org/issue/volume-79-issue-2/
10.1111/jofi.13327,https://afajof.org/issue/volume-79-issue-2/
10.1111/jofi.13330,https://afajof.org/issue/volume-79-issue-2/
10.1111/jofi.13145,https://afajof.org/issue/volume-79-issue-2/
10.1111/jofi.13141,https://afajof.org/issue/volume-79-issue-1/
10.1111/jofi.13287,https://afajof.org/issue/volume-79-issue-1/
10.1111/jofi.13308,https://afajof.org/issue/volume-79-issue-1/
10.1111/jofi.13291,https://afajof.org/issue/volume-79-issue-1/
10.1111/jofi.13278,https://afajof.org/issue/volume-79-issue-1/
10.1111/jofi.13276,https://afajof.org/issue/volume-79-issue-1/
10.1111/jofi.13292,https://afajof.org/issue/volume-79-issue-1/
10.1111/jofi.13289,https://afajof.org/issue/volume-79-issue-1/
10.1111/jofi.13299,https://afajof.org/issue/volume-79-issue-1/
10.1111/jofi.13295,https://afajof.org/issue/volume-79-issue-1/
10.1111/jofi.13293,https://afajof.org/issue/volume-79-issue-1/
10.1111/jofi.13298,https://afajof.org/issue/volume-79-issue-1/
10.1111/jofi.13301,https://afajof.org/issue/volume-79-issue-1/
10.1111/jofi.13306,https://afajof.org/issue/volume-79-issue-1/
10.1111/jofi.13294,https://afajof.org/issue/volume-79-issue-1/
10.1111/jofi.13302,https://afajof.org/issue/volume-79-issue-1/
10.1111/jofi.13309,https://afajof.org/issue/volume-79-issue-1/
10.1111/jofi.13305,https://afajof.org/issue/volume-79-issue-1/
10.1111/jofi.13304,https://afajof.org/issue/volume-79-issue-1/
10.1111/jofi.13142,https://afajof.org/issue/volume-79-issue-1/
10.1111/jofi.13053,https://afajof.org/issue/volume-78-issue-6/
10.1111/jofi.13271,https://afajof.org/issue/volume-78-issue-6/
10.1111/jofi.13270,https://afajof.org/issue/volume-78-issue-6/
10.1111/jofi.13279,https://afajof.org/issue/volume-78-issue-6/
10.1111/jofi.13268,https://afajof.org/issue/volume-78-issue-6/
10.1111/jofi.13277,https://afajof.org/issue/volume-78-issue-6/
10.1111/jofi.13283,https://afajof.org/issue/volume-78-issue-6/
10.1111/jofi.13280,https://afajof.org/issue/volume-78-issue-6/
10.1111/jofi.13275,https://afajof.org/issue/volume-78-issue-6/
10.1111/jofi.13284,https://afajof.org/issue/volume-78-issue-6/
10.1111/jofi.13285,https://afajof.org/issue/volume-78-issue-6/
10.1111/jofi.13281,https://afajof.org/issue/volume-78-issue-6/
10.1111/jofi.13282,https://afajof.org/issue/volume-78-issue-6/
10.1111/jofi.13273,https://afajof.org/issue/volume-78-issue-6/
10.1111/jofi.13272,https://afajof.org/issue/volume-78-issue-6/
10.1111/jofi.13286,https://afajof.org/issue/volume-78-issue-6/
10.1111/jofi.13054,https://afajof.org/issue/volume-78-issue-6/
10.1111/jofi.13050,https://afajof.org/issue/volume-78-issue-5/
10.1111/jofi.13269,https://afajof.org/issue/volume-78-issue-5/
10.1111/jofi.13263,https://afajof.org/issue/volume-78-issue-5/
10.1111/jofi.13249,https://afajof.org/issue/volume-78-issue-5/
10.1111/jofi.13264,https://afajof.org/issue/volume-78-issue-5/
10.1111/jofi.13266,https://afajof.org/issue/volume-78-issue-5/
10.1111/jofi.13267,https://afajof.org/issue/volume-78-issue-5/
10.1111/jofi.13258,https://afajof.org/issue/volume-78-issue-5/
10.1111/jofi.13260,https://afajof.org/issue/volume-78-issue-5/
10.1111/jofi.13265,https://afajof.org/issue/volume-78-issue-5/
10.1111/jofi.13256,https://afajof.org/issue/volume-78-issue-5/
10.1111/jofi.13261,https://afajof.org/issue/volume-78-issue-5/
10.1111/jofi.13262,https://afajof.org/issue/volume-78-issue-5/
10.1111/jofi.13257,https://afajof.org/issue/volume-78-issue-5/
10.1111/jofi.13274,https://afajof.org/issue/volume-78-issue-5/
10.1111/jofi.13051,https://afajof.org/issue/volume-78-issue-5/
10.1111/jofi.13047,https://afajof.org/issue/volume-78-issue-4/
10.1111/jofi.13255,https://afajof.org/issue/volume-78-issue-4/
10.1111/jofi.13231,https://afajof.org/issue/volume-78-issue-4/
10.1111/jofi.13232,https://afajof.org/issue/volume-78-issue-4/
10.1111/jofi.13233,https://afajof.org/issue/volume-78-issue-4/
10.1111/jofi.13252,https://afajof.org/issue/volume-78-issue-4/
10.1111/jofi.13254,https://afajof.org/issue/volume-78-issue-4/
10.1111/jofi.13251,https://afajof.org/issue/volume-78-issue-4/
10.1111/jofi.13235,https://afajof.org/issue/volume-78-issue-4/
10.1111/jofi.13248,https://afajof.org/issue/volume-78-issue-4/
10.1111/jofi.13228,https://afajof.org/issue/volume-78-issue-4/
10.1111/jofi.13227,https://afajof.org/issue/volume-78-issue-4/
10.1111/jofi.13250,https://afajof.org/issue/volume-78-issue-4/
10.1111/jofi.13253,https://afajof.org/issue/volume-78-issue-4/
10.1111/jofi.13259,https://afajof.org/issue/volume-78-issue-4/
10.1111/jofi.13048,https://afajof.org/issue/volume-78-issue-4/
10.1111/jofi.13044,https://afajof.org/issue/volume-78-issue-3/
10.1111/jofi.13230,https://afajof.org/issue/volume-78-issue-3/
10.1111/jofi.13224,https://afajof.org/issue/volume-78-issue-3/
10.1111/jofi.13229,https://afajof.org/issue/volume-78-issue-3/
10.1111/jofi.13217,https://afajof.org/issue/volume-78-issue-3/
10.1111/jofi.13216,https://afajof.org/issue/volume-78-issue-3/
10.1111/jofi.13219,https://afajof.org/issue/volume-78-issue-3/
10.1111/jofi.13218,https://afajof.org/issue/volume-78-issue-3/
10.1111/jofi.13220,https://afajof.org/issue/volume-78-issue-3/
10.1111/jofi.13226,https://afajof.org/issue/volume-78-issue-3/
10.1111/jofi.13223,https://afajof.org/issue/volume-78-issue-3/
10.1111/jofi.13222,https://afajof.org/issue/volume-78-issue-3/
10.1111/jofi.13225,https://afajof.org/issue/volume-78-issue-3/
10.1111/jofi.13209,https://afajof.org/issue/volume-78-issue-3/
10.1111/jofi.13234,https://afajof.org/issue/volume-78-issue-3/
10.1111/jofi.13045,https://afajof.org/issue/volume-78-issue-3/
10.1111/jofi.13041,https://afajof.org/issue/volume-78-issue-2/
10.1111/jofi.13190,https://afajof.org/issue/volume-78-issue-2/
10.1111/jofi.13213,https://afajof.org/issue/volume-78-issue-2/
10.1111/jofi.13203,https://afajof.org/issue/volume-78-issue-2/
10.1111/jofi.13202,https://afajof.org/issue/volume-78-issue-2/
10.1111/jofi.13214,https://afajof.org/issue/volume-78-issue-2/
10.1111/jofi.13205,https://afajof.org/issue/volume-78-issue-2/
10.1111/jofi.13206,https://afajof.org/issue/volume-78-issue-2/
10.1111/jofi.13208,https://afajof.org/issue/volume-78-issue-2/
10.1111/jofi.13207,https://afajof.org/issue/volume-78-issue-2/
10.1111/jofi.13212,https://afajof.org/issue/volume-78-issue-2/
10.1111/jofi.13204,https://afajof.org/issue/volume-78-issue-2/
10.1111/jofi.13215,https://afajof.org/issue/volume-78-issue-2/
10.1111/jofi.13210,https://afajof.org/issue/volume-78-issue-2/
10.1111/jofi.13211,https://afajof.org/issue/volume-78-issue-2/
10.1111/jofi.13221,https://afajof.org/issue/volume-78-issue-2/
10.1111/jofi.13042,https://afajof.org/issue/volume-78-issue-2/
10.1111/jofi.13037,https://afajof.org/issue/volume-78-issue-1/
10.1111/jofi.13188,https://afajof.org/issue/volume-78-issue-1/
10.1111/jofi.13189,https://afajof.org/issue/volume-78-issue-1/
10.1111/jofi.13187,https://afajof.org/issue/volume-78-issue-1/
10.1111/jofi.13196,https://afajof.org/issue/volume-78-issue-1/
10.1111/jofi.13191,https://afajof.org/issue/volume-78-issue-1/
10.1111/jofi.13192,https://afajof.org/issue/volume-78-issue-1/
10.1111/jofi.13198,https://afajof.org/issue/volume-78-issue-1/
10.1111/jofi.13199,https://afajof.org/issue/volume-78-issue-1/
10.1111/jofi.13200,https://afajof.org/issue/volume-78-issue-1/
10.1111/jofi.13195,https://afajof.org/issue/volume-78-issue-1/
10.1111/jofi.13197,https://afajof.org/issue/volume-78-issue-1/
10.1111/jofi.13201,https://afajof.org/issue/volume-78-issue-1/
10.1111/jofi.13193,https://afajof.org/issue/volume-78-issue-1/
10.1111/jofi.13194,https://afajof.org/issue/volume-78-issue-1/
10.1111/jofi.13038,https://afajof.org/issue/volume-78-issue-1/
10.1111/jofi.12945,https://afajof.org/issue/volume-77-issue-6/
10.1111/jofi.13184,https://afajof.org/issue/volume-77-issue-6/
10.1111/jofi.13185,https://afajof.org/issue/volume-77-issue-6/
10.1111/jofi.13178,https://afajof.org/issue/volume-77-issue-6/
10.1111/jofi.13183,https://afajof.org/issue/volume-77-issue-6/
10.1111/jofi.13179,https://afajof.org/issue/volume-77-issue-6/
10.1111/jofi.13180,https://afajof.org/issue/volume-77-issue-6/
10.1111/jofi.13182,https://afajof.org/issue/volume-77-issue-6/
10.1111/jofi.13166,https://afajof.org/issue/volume-77-issue-6/
10.1111/jofi.13181,https://afajof.org/issue/volume-77-issue-6/
10.1111/jofi.13186,https://afajof.org/issue/volume-77-issue-6/
10.1111/jofi.12946,https://afajof.org/issue/volume-77-issue-6/
10.1111/jofi.12940,https://afajof.org/issue/volume-77-issue-5/
10.1111/jofi.12939,https://afajof.org/issue/volume-77-issue-5/
10.1111/jofi.13170,https://afajof.org/issue/volume-77-issue-5/
10.1111/jofi.13168,https://afajof.org/issue/volume-77-issue-5/
10.1111/jofi.13165,https://afajof.org/issue/volume-77-issue-5/
10.1111/jofi.13171,https://afajof.org/issue/volume-77-issue-5/
10.1111/jofi.13175,https://afajof.org/issue/volume-77-issue-5/
10.1111/jofi.13176,https://afajof.org/issue/volume-77-issue-5/
10.1111/jofi.13174,https://afajof.org/issue/volume-77-issue-5/
10.1111/jofi.13172,https://afajof.org/issue/volume-77-issue-5/
10.1111/jofi.13169,https://afajof.org/issue/volume-77-issue-5/
10.1111/jofi.13173,https://afajof.org/issue/volume-77-issue-5/
10.1111/jofi.13164,https://afajof.org/issue/volume-77-issue-5/
10.1111/jofi.13177,https://afajof.org/issue/volume-77-issue-5/
10.1111/jofi.12933,https://afajof.org/issue/volume-77-issue-4/
10.1111/jofi.13161,https://afajof.org/issue/volume-77-issue-4/
10.1111/jofi.13136,https://afajof.org/issue/volume-77-issue-4/
10.1111/jofi.13159,https://afajof.org/issue/volume-77-issue-4/
10.1111/jofi.13158,https://afajof.org/issue/volume-77-issue-4/
10.1111/jofi.13135,https://afajof.org/issue/volume-77-issue-4/
10.1111/jofi.13137,https://afajof.org/issue/volume-77-issue-4/
10.1111/jofi.13162,https://afajof.org/issue/volume-77-issue-4/
10.1111/jofi.13139,https://afajof.org/issue/volume-77-issue-4/
10.1111/jofi.13163,https://afajof.org/issue/volume-77-issue-4/
10.1111/jofi.13160,https://afajof.org/issue/volume-77-issue-4/
10.1111/jofi.13138,https://afajof.org/issue/volume-77-issue-4/
10.1111/jofi.13167,https://afajof.org/issue/volume-77-issue-4/
10.1111/jofi.12934,https://afajof.org/issue/volume-77-issue-4/
10.1111/jofi.12927,https://afajof.org/issue/volume-77-issue-3/
10.1111/jofi.13132,https://afajof.org/issue/volume-77-issue-3/
10.1111/jofi.13134,https://afajof.org/issue/volume-77-issue-3/
10.1111/jofi.13128,https://afajof.org/issue/volume-77-issue-3/
10.1111/jofi.13122,https://afajof.org/issue/volume-77-issue-3/
10.1111/jofi.13126,https://afajof.org/issue/volume-77-issue-3/
10.1111/jofi.13124,https://afajof.org/issue/volume-77-issue-3/
10.1111/jofi.13127,https://afajof.org/issue/volume-77-issue-3/
10.1111/jofi.13125,https://afajof.org/issue/volume-77-issue-3/
10.1111/jofi.13129,https://afajof.org/issue/volume-77-issue-3/
10.1111/jofi.13130,https://afajof.org/issue/volume-77-issue-3/
10.1111/jofi.13131,https://afajof.org/issue/volume-77-issue-3/
10.1111/jofi.13123,https://afajof.org/issue/volume-77-issue-3/
10.1111/jofi.13133,https://afajof.org/issue/volume-77-issue-3/
10.1111/jofi.12928,https://afajof.org/issue/volume-77-issue-3/
10.1111/jofi.12921,https://afajof.org/issue/volume-77-issue-2/
10.1111/jofi.13121,https://afajof.org/issue/volume-77-issue-2/
10.1111/jofi.13118,https://afajof.org/issue/volume-77-issue-2/
10.1111/jofi.13105,https://afajof.org/issue/volume-77-issue-2/
10.1111/jofi.13100,https://afajof.org/issue/volume-77-issue-2/
10.1111/jofi.13107,https://afajof.org/issue/volume-77-issue-2/
10.1111/jofi.13110,https://afajof.org/issue/volume-77-issue-2/
10.1111/jofi.13120,https://afajof.org/issue/volume-77-issue-2/
10.1111/jofi.13117,https://afajof.org/issue/volume-77-issue-2/
10.1111/jofi.13119,https://afajof.org/issue/volume-77-issue-2/
10.1111/jofi.13111,https://afajof.org/issue/volume-77-issue-2/
10.1111/jofi.13112,https://afajof.org/issue/volume-77-issue-2/
10.1111/jofi.13114,https://afajof.org/issue/volume-77-issue-2/
10.1111/jofi.13106,https://afajof.org/issue/volume-77-issue-2/
10.1111/jofi.13113,https://afajof.org/issue/volume-77-issue-2/
10.1111/jofi.13115,https://afajof.org/issue/volume-77-issue-2/
10.1111/jofi.13108,https://afajof.org/issue/volume-77-issue-2/
10.1111/jofi.13109,https://afajof.org/issue/volume-77-issue-2/
10.1111/jofi.13116,https://afajof.org/issue/volume-77-issue-2/
10.1111/jofi.12922,https://afajof.org/issue/volume-77-issue-2/
10.1111/jofi.12915,https://afajof.org/issue/volume-77-issue-1/
10.1111/jofi.13090,https://afajof.org/issue/volume-77-issue-1/
10.1111/jofi.13097,https://afajof.org/issue/volume-77-issue-1/
10.1111/jofi.13074,https://afajof.org/issue/volume-77-issue-1/
10.1111/jofi.13071,https://afajof.org/issue/volume-77-issue-1/
10.1111/jofi.13095,https://afajof.org/issue/volume-77-issue-1/
10.1111/jofi.13085,https://afajof.org/issue/volume-77-issue-1/
10.1111/jofi.13089,https://afajof.org/issue/volume-77-issue-1/
10.1111/jofi.13094,https://afajof.org/issue/volume-77-issue-1/
10.1111/jofi.13088,https://afajof.org/issue/volume-77-issue-1/
10.1111/jofi.13069,https://afajof.org/issue/volume-77-issue-1/
10.1111/jofi.13093,https://afajof.org/issue/volume-77-issue-1/
10.1111/jofi.13087,https://afajof.org/issue/volume-77-issue-1/
10.1111/jofi.13098,https://afajof.org/issue/volume-77-issue-1/
10.1111/jofi.13096,https://afajof.org/issue/volume-77-issue-1/
10.1111/jofi.13099,https://afajof.org/issue/volume-77-issue-1/
10.1111/jofi.13103,https://afajof.org/issue/volume-77-issue-1/
10.1111/jofi.13101,https://afajof.org/issue/volume-77-issue-1/
10.1111/jofi.13102,https://afajof.org/issue/volume-77-issue-1/
10.1111/jofi.13104,https://afajof.org/issue/volume-77-issue-1/
10.1111/jofi.12916,https://afajof.org/issue/volume-77-issue-1/
10.1111/jofi.12815,https://afajof.org/issue/volume-76-issue-6/
10.1111/jofi.13086,https://afajof.org/issue/volume-76-issue-6/
10.1111/jofi.13079,https://afajof.org/issue/volume-76-issue-6/
10.1111/jofi.13083,https://afajof.org/issue/volume-76-issue-6/
10.1111/jofi.13081,https://afajof.org/issue/volume-76-issue-6/
10.1111/jofi.13077,https://afajof.org/issue/volume-76-issue-6/
10.1111/jofi.13070,https://afajof.org/issue/volume-76-issue-6/
10.1111/jofi.13072,https://afajof.org/issue/volume-76-issue-6/
10.1111/jofi.13078,https://afajof.org/issue/volume-76-issue-6/
10.1111/jofi.13084,https://afajof.org/issue/volume-76-issue-6/
10.1111/jofi.13082,https://afajof.org/issue/volume-76-issue-6/
10.1111/jofi.13068,https://afajof.org/issue/volume-76-issue-6/
10.1111/jofi.13073,https://afajof.org/issue/volume-76-issue-6/
10.1111/jofi.13067,https://afajof.org/issue/volume-76-issue-6/
10.1111/jofi.13080,https://afajof.org/issue/volume-76-issue-6/
10.1111/jofi.13066,https://afajof.org/issue/volume-76-issue-6/
10.1111/jofi.13091,https://afajof.org/issue/volume-76-issue-6/
10.1111/jofi.13092,https://afajof.org/issue/volume-76-issue-6/
10.1111/jofi.12816,https://afajof.org/issue/volume-76-issue-6/
10.1111/jofi.12810,https://afajof.org/issue/volume-76-issue-5/
10.1111/jofi.13075,https://afajof.org/issue/volume-76-issue-5/
10.1111/jofi.13055,https://afajof.org/issue/volume-76-issue-5/
10.1111/jofi.13035,https://afajof.org/issue/volume-76-issue-5/
10.1111/jofi.13034,https://afajof.org/issue/volume-76-issue-5/
10.1111/jofi.13033,https://afajof.org/issue/volume-76-issue-5/
10.1111/jofi.13059,https://afajof.org/issue/volume-76-issue-5/
10.1111/jofi.13031,https://afajof.org/issue/volume-76-issue-5/
10.1111/jofi.13058,https://afajof.org/issue/volume-76-issue-5/
10.1111/jofi.13036,https://afajof.org/issue/volume-76-issue-5/
10.1111/jofi.13032,https://afajof.org/issue/volume-76-issue-5/
10.1111/jofi.13056,https://afajof.org/issue/volume-76-issue-5/
10.1111/jofi.13057,https://afajof.org/issue/volume-76-issue-5/
10.1111/jofi.13061,https://afajof.org/issue/volume-76-issue-5/
10.1111/jofi.13063,https://afajof.org/issue/volume-76-issue-5/
10.1111/jofi.13064,https://afajof.org/issue/volume-76-issue-5/
10.1111/jofi.13076,https://afajof.org/issue/volume-76-issue-5/
10.1111/jofi.12811,https://afajof.org/issue/volume-76-issue-5/
10.1111/jofi.12805,https://afajof.org/issue/volume-76-issue-4/
10.1111/jofi.13062,https://afajof.org/issue/volume-76-issue-4/
10.1111/jofi.13028,https://afajof.org/issue/volume-76-issue-4/
10.1111/jofi.13023,https://afajof.org/issue/volume-76-issue-4/
10.1111/jofi.13024,https://afajof.org/issue/volume-76-issue-4/
10.1111/jofi.13019,https://afajof.org/issue/volume-76-issue-4/
10.1111/jofi.13022,https://afajof.org/issue/volume-76-issue-4/
10.1111/jofi.13018,https://afajof.org/issue/volume-76-issue-4/
10.1111/jofi.13021,https://afajof.org/issue/volume-76-issue-4/
10.1111/jofi.13020,https://afajof.org/issue/volume-76-issue-4/
10.1111/jofi.13025,https://afajof.org/issue/volume-76-issue-4/
10.1111/jofi.13026,https://afajof.org/issue/volume-76-issue-4/
10.1111/jofi.13060,https://afajof.org/issue/volume-76-issue-4/
10.1111/jofi.13065,https://afajof.org/issue/volume-76-issue-4/
10.1111/jofi.12806,https://afajof.org/issue/volume-76-issue-4/
10.1111/jofi.12800,https://afajof.org/issue/volume-76-issue-3/
10.1111/jofi.13027,https://afajof.org/issue/volume-76-issue-3/
10.1111/jofi.13003,https://afajof.org/issue/volume-76-issue-3/
10.1111/jofi.13013,https://afajof.org/issue/volume-76-issue-3/
10.1111/jofi.13004,https://afajof.org/issue/volume-76-issue-3/
10.1111/jofi.13001,https://afajof.org/issue/volume-76-issue-3/
10.1111/jofi.13010,https://afajof.org/issue/volume-76-issue-3/
10.1111/jofi.13012,https://afajof.org/issue/volume-76-issue-3/
10.1111/jofi.13016,https://afajof.org/issue/volume-76-issue-3/
10.1111/jofi.13002,https://afajof.org/issue/volume-76-issue-3/
10.1111/jofi.13009,https://afajof.org/issue/volume-76-issue-3/
10.1111/jofi.13008,https://afajof.org/issue/volume-76-issue-3/
10.1111/jofi.13011,https://afajof.org/issue/volume-76-issue-3/
10.1111/jofi.13029,https://afajof.org/issue/volume-76-issue-3/
10.1111/jofi.13030,https://afajof.org/issue/volume-76-issue-3/
10.1111/jofi.12801,https://afajof.org/issue/volume-76-issue-3/
10.1111/jofi.12795,https://afajof.org/issue/volume-76-issue-2/
10.1111/jofi.13007,https://afajof.org/issue/volume-76-issue-2/
10.1111/jofi.12997,https://afajof.org/issue/volume-76-issue-2/
10.1111/jofi.12996,https://afajof.org/issue/volume-76-issue-2/
10.1111/jofi.12995,https://afajof.org/issue/volume-76-issue-2/
10.1111/jofi.12990,https://afajof.org/issue/volume-76-issue-2/
10.1111/jofi.12992,https://afajof.org/issue/volume-76-issue-2/
10.1111/jofi.12988,https://afajof.org/issue/volume-76-issue-2/
10.1111/jofi.12991,https://afajof.org/issue/volume-76-issue-2/
10.1111/jofi.12993,https://afajof.org/issue/volume-76-issue-2/
10.1111/jofi.12989,https://afajof.org/issue/volume-76-issue-2/
10.1111/jofi.12994,https://afajof.org/issue/volume-76-issue-2/
10.1111/jofi.12970,https://afajof.org/issue/volume-76-issue-2/
10.1111/jofi.12987,https://afajof.org/issue/volume-76-issue-2/
10.1111/jofi.13015,https://afajof.org/issue/volume-76-issue-2/
10.1111/jofi.13005,https://afajof.org/issue/volume-76-issue-2/
10.1111/jofi.13006,https://afajof.org/issue/volume-76-issue-2/
10.1111/jofi.13017,https://afajof.org/issue/volume-76-issue-2/
10.1111/jofi.13014,https://afajof.org/issue/volume-76-issue-2/
10.1111/jofi.12796,https://afajof.org/issue/volume-76-issue-2/
10.1111/jofi.12790,https://afajof.org/issue/volume-76-issue-1/
10.1111/jofi.12978,https://afajof.org/issue/volume-76-issue-1/
10.1111/jofi.12976,https://afajof.org/issue/volume-76-issue-1/
10.1111/jofi.12963,https://afajof.org/issue/volume-76-issue-1/
10.1111/jofi.12977,https://afajof.org/issue/volume-76-issue-1/
10.1111/jofi.12960,https://afajof.org/issue/volume-76-issue-1/
10.1111/jofi.12974,https://afajof.org/issue/volume-76-issue-1/
10.1111/jofi.12980,https://afajof.org/issue/volume-76-issue-1/
10.1111/jofi.12975,https://afajof.org/issue/volume-76-issue-1/
10.1111/jofi.12971,https://afajof.org/issue/volume-76-issue-1/
10.1111/jofi.12979,https://afajof.org/issue/volume-76-issue-1/
10.1111/jofi.12998,https://afajof.org/issue/volume-76-issue-1/
10.1111/jofi.12999,https://afajof.org/issue/volume-76-issue-1/
10.1111/jofi.13000,https://afajof.org/issue/volume-76-issue-1/
10.1111/jofi.12791,https://afajof.org/issue/volume-76-issue-1/
10.1111/jofi.12679,https://afajof.org/issue/volume-75-issue-6/
10.1111/jofi.12966,https://afajof.org/issue/volume-75-issue-6/
10.1111/jofi.12969,https://afajof.org/issue/volume-75-issue-6/
10.1111/jofi.12961,https://afajof.org/issue/volume-75-issue-6/
10.1111/jofi.12967,https://afajof.org/issue/volume-75-issue-6/
10.1111/jofi.12958,https://afajof.org/issue/volume-75-issue-6/
10.1111/jofi.12959,https://afajof.org/issue/volume-75-issue-6/
10.1111/jofi.12965,https://afajof.org/issue/volume-75-issue-6/
10.1111/jofi.12955,https://afajof.org/issue/volume-75-issue-6/
10.1111/jofi.12968,https://afajof.org/issue/volume-75-issue-6/
10.1111/jofi.12962,https://afajof.org/issue/volume-75-issue-6/
10.1111/jofi.12981,https://afajof.org/issue/volume-75-issue-6/
10.1111/jofi.12982,https://afajof.org/issue/volume-75-issue-6/
10.1111/jofi.12983,https://afajof.org/issue/volume-75-issue-6/
10.1111/jofi.12984,https://afajof.org/issue/volume-75-issue-6/
10.1111/jofi.12985,https://afajof.org/issue/volume-75-issue-6/
10.1111/jofi.12680,https://afajof.org/issue/volume-75-issue-6/
10.1111/jofi.12674,https://afajof.org/issue/volume-75-issue-5/
10.1111/jofi.12952,https://afajof.org/issue/volume-75-issue-5/
10.1111/jofi.12954,https://afajof.org/issue/volume-75-issue-5/
10.1111/jofi.12909,https://afajof.org/issue/volume-75-issue-5/
10.1111/jofi.12949,https://afajof.org/issue/volume-75-issue-5/
10.1111/jofi.12951,https://afajof.org/issue/volume-75-issue-5/
10.1111/jofi.12950,https://afajof.org/issue/volume-75-issue-5/
10.1111/jofi.12908,https://afajof.org/issue/volume-75-issue-5/
10.1111/jofi.12947,https://afajof.org/issue/volume-75-issue-5/
10.1111/jofi.12910,https://afajof.org/issue/volume-75-issue-5/
10.1111/jofi.12953,https://afajof.org/issue/volume-75-issue-5/
10.1111/jofi.12964,https://afajof.org/issue/volume-75-issue-5/
10.1111/jofi.12948,https://afajof.org/issue/volume-75-issue-5/
10.1111/jofi.12973,https://afajof.org/issue/volume-75-issue-5/
10.1111/jofi.12972,https://afajof.org/issue/volume-75-issue-5/
10.1111/jofi.12675,https://afajof.org/issue/volume-75-issue-5/
10.1111/jofi.12669,https://afajof.org/issue/volume-75-issue-4/
10.1111/jofi.12906,https://afajof.org/issue/volume-75-issue-4/
10.1111/jofi.12899,https://afajof.org/issue/volume-75-issue-4/
10.1111/jofi.12897,https://afajof.org/issue/volume-75-issue-4/
10.1111/jofi.12903,https://afajof.org/issue/volume-75-issue-4/
10.1111/jofi.12895,https://afajof.org/issue/volume-75-issue-4/
10.1111/jofi.12902,https://afajof.org/issue/volume-75-issue-4/
10.1111/jofi.12900,https://afajof.org/issue/volume-75-issue-4/
10.1111/jofi.12893,https://afajof.org/issue/volume-75-issue-4/
10.1111/jofi.12896,https://afajof.org/issue/volume-75-issue-4/
10.1111/jofi.12898,https://afajof.org/issue/volume-75-issue-4/
10.1111/jofi.12901,https://afajof.org/issue/volume-75-issue-4/
10.1111/jofi.12894,https://afajof.org/issue/volume-75-issue-4/
10.1111/jofi.12956,https://afajof.org/issue/volume-75-issue-4/
10.1111/jofi.12957,https://afajof.org/issue/volume-75-issue-4/
10.1111/jofi.12670,https://afajof.org/issue/volume-75-issue-4/
10.1111/jofi.12664,https://afajof.org/issue/volume-75-issue-3/
10.1111/jofi.12905,https://afajof.org/issue/volume-75-issue-3/
10.1111/jofi.12889,https://afajof.org/issue/volume-75-issue-3/
10.1111/jofi.12880,https://afajof.org/issue/volume-75-issue-3/
10.1111/jofi.12884,https://afajof.org/issue/volume-75-issue-3/
10.1111/jofi.12883,https://afajof.org/issue/volume-75-issue-3/
10.1111/jofi.12885,https://afajof.org/issue/volume-75-issue-3/
10.1111/jofi.12876,https://afajof.org/issue/volume-75-issue-3/
10.1111/jofi.12877,https://afajof.org/issue/volume-75-issue-3/
10.1111/jofi.12882,https://afajof.org/issue/volume-75-issue-3/
10.1111/jofi.12879,https://afajof.org/issue/volume-75-issue-3/
10.1111/jofi.12878,https://afajof.org/issue/volume-75-issue-3/
10.1111/jofi.12890,https://afajof.org/issue/volume-75-issue-3/
10.1111/jofi.12870,https://afajof.org/issue/volume-75-issue-3/
10.1111/jofi.12888,https://afajof.org/issue/volume-75-issue-3/
10.1111/jofi.12904,https://afajof.org/issue/volume-75-issue-3/
10.1111/jofi.12907,https://afajof.org/issue/volume-75-issue-3/
10.1111/jofi.12665,https://afajof.org/issue/volume-75-issue-3/
10.1111/jofi.12659,https://afajof.org/issue/volume-75-issue-2/
10.1111/jofi.12872,https://afajof.org/issue/volume-75-issue-2/
10.1111/jofi.12868,https://afajof.org/issue/volume-75-issue-2/
10.1111/jofi.12867,https://afajof.org/issue/volume-75-issue-2/
10.1111/jofi.12864,https://afajof.org/issue/volume-75-issue-2/
10.1111/jofi.12843,https://afajof.org/issue/volume-75-issue-2/
10.1111/jofi.12853,https://afajof.org/issue/volume-75-issue-2/
10.1111/jofi.12862,https://afajof.org/issue/volume-75-issue-2/
10.1111/jofi.12848,https://afajof.org/issue/volume-75-issue-2/
10.1111/jofi.12849,https://afajof.org/issue/volume-75-issue-2/
10.1111/jofi.12869,https://afajof.org/issue/volume-75-issue-2/
10.1111/jofi.12871,https://afajof.org/issue/volume-75-issue-2/
10.1111/jofi.12866,https://afajof.org/issue/volume-75-issue-2/
10.1111/jofi.12863,https://afajof.org/issue/volume-75-issue-2/
10.1111/jofi.12857,https://afajof.org/issue/volume-75-issue-2/
10.1111/jofi.12881,https://afajof.org/issue/volume-75-issue-2/
10.1111/jofi.12886,https://afajof.org/issue/volume-75-issue-2/
10.1111/jofi.12887,https://afajof.org/issue/volume-75-issue-2/
10.1111/jofi.12891,https://afajof.org/issue/volume-75-issue-2/
10.1111/jofi.12892,https://afajof.org/issue/volume-75-issue-2/
10.1111/jofi.12660,https://afajof.org/issue/volume-75-issue-2/
10.1111/jofi.12654,https://afajof.org/issue/volume-75-issue-1/
10.1111/jofi.12844,https://afajof.org/issue/volume-75-issue-1/
10.1111/jofi.12846,https://afajof.org/issue/volume-75-issue-1/
10.1111/jofi.12834,https://afajof.org/issue/volume-75-issue-1/
10.1111/jofi.12830,https://afajof.org/issue/volume-75-issue-1/
10.1111/jofi.12852,https://afajof.org/issue/volume-75-issue-1/
10.1111/jofi.12851,https://afajof.org/issue/volume-75-issue-1/
10.1111/jofi.12847,https://afajof.org/issue/volume-75-issue-1/
10.1111/jofi.12842,https://afajof.org/issue/volume-75-issue-1/
10.1111/jofi.12845,https://afajof.org/issue/volume-75-issue-1/
10.1111/jofi.12831,https://afajof.org/issue/volume-75-issue-1/
10.1111/jofi.12856,https://afajof.org/issue/volume-75-issue-1/
10.1111/jofi.12855,https://afajof.org/issue/volume-75-issue-1/
10.1111/jofi.12854,https://afajof.org/issue/volume-75-issue-1/
10.1111/jofi.12873,https://afajof.org/issue/volume-75-issue-1/
10.1111/jofi.12875,https://afajof.org/issue/volume-75-issue-1/
10.1111/jofi.12874,https://afajof.org/issue/volume-75-issue-1/
10.1111/jofi.12655,https://afajof.org/issue/volume-75-issue-1/
10.1111/jofi.12649,https://afajof.org/issue/volume-74-issue-6/
10.1111/jofi.12840,https://afajof.org/issue/volume-74-issue-6/
10.1111/jofi.12838,https://afajof.org/issue/volume-74-issue-6/
10.1111/jofi.12841,https://afajof.org/issue/volume-74-issue-6/
10.1111/jofi.12833,https://afajof.org/issue/volume-74-issue-6/
10.1111/jofi.12832,https://afajof.org/issue/volume-74-issue-6/
10.1111/jofi.12829,https://afajof.org/issue/volume-74-issue-6/
10.1111/jofi.12828,https://afajof.org/issue/volume-74-issue-6/
10.1111/jofi.12835,https://afajof.org/issue/volume-74-issue-6/
10.1111/jofi.12837,https://afajof.org/issue/volume-74-issue-6/
10.1111/jofi.12783,https://afajof.org/issue/volume-74-issue-6/
10.1111/jofi.12836,https://afajof.org/issue/volume-74-issue-6/
10.1111/jofi.12839,https://afajof.org/issue/volume-74-issue-6/
10.1111/jofi.12827,https://afajof.org/issue/volume-74-issue-6/
10.1111/jofi.12860,https://afajof.org/issue/volume-74-issue-6/
10.1111/jofi.12861,https://afajof.org/issue/volume-74-issue-6/
10.1111/jofi.12859,https://afajof.org/issue/volume-74-issue-6/
10.1111/jofi.12858,https://afajof.org/issue/volume-74-issue-6/
10.1111/jofi.12850,https://afajof.org/issue/volume-74-issue-6/
10.1111/jofi.12650,https://afajof.org/issue/volume-74-issue-6/
10.1111/jofi.12644,https://afajof.org/issue/volume-74-issue-5/
10.1111/jofi.12643,https://afajof.org/issue/volume-74-issue-5/
10.1111/jofi.12785,https://afajof.org/issue/volume-74-issue-5/
10.1111/jofi.12818,https://afajof.org/issue/volume-74-issue-5/
10.1111/jofi.12821,https://afajof.org/issue/volume-74-issue-5/
10.1111/jofi.12777,https://afajof.org/issue/volume-74-issue-5/
10.1111/jofi.12822,https://afajof.org/issue/volume-74-issue-5/
10.1111/jofi.12780,https://afajof.org/issue/volume-74-issue-5/
10.1111/jofi.12779,https://afajof.org/issue/volume-74-issue-5/
10.1111/jofi.12819,https://afajof.org/issue/volume-74-issue-5/
10.1111/jofi.12823,https://afajof.org/issue/volume-74-issue-5/
10.1111/jofi.12817,https://afajof.org/issue/volume-74-issue-5/
10.1111/jofi.12820,https://afajof.org/issue/volume-74-issue-5/
10.1111/jofi.12784,https://afajof.org/issue/volume-74-issue-5/
10.1111/jofi.12824,https://afajof.org/issue/volume-74-issue-5/
10.1111/jofi.12641,https://afajof.org/issue/volume-74-issue-5/
10.1111/jofi.12642,https://afajof.org/issue/volume-74-issue-5/
10.1111/jofi.12645,https://afajof.org/issue/volume-74-issue-5/
10.1111/jofi.12639,https://afajof.org/issue/volume-74-issue-4/
10.1111/jofi.12782,https://afajof.org/issue/volume-74-issue-4/
10.1111/jofi.12769,https://afajof.org/issue/volume-74-issue-4/
10.1111/jofi.12771,https://afajof.org/issue/volume-74-issue-4/
10.1111/jofi.12773,https://afajof.org/issue/volume-74-issue-4/
10.1111/jofi.12772,https://afajof.org/issue/volume-74-issue-4/
10.1111/jofi.12766,https://afajof.org/issue/volume-74-issue-4/
10.1111/jofi.12765,https://afajof.org/issue/volume-74-issue-4/
10.1111/jofi.12778,https://afajof.org/issue/volume-74-issue-4/
10.1111/jofi.12776,https://afajof.org/issue/volume-74-issue-4/
10.1111/jofi.12768,https://afajof.org/issue/volume-74-issue-4/
10.1111/jofi.12770,https://afajof.org/issue/volume-74-issue-4/
10.1111/jofi.12775,https://afajof.org/issue/volume-74-issue-4/
10.1111/jofi.12786,https://afajof.org/issue/volume-74-issue-4/
10.1111/jofi.12781,https://afajof.org/issue/volume-74-issue-4/
10.1111/jofi.12825,https://afajof.org/issue/volume-74-issue-4/
10.1111/jofi.12826,https://afajof.org/issue/volume-74-issue-4/
10.1111/jofi.12636,https://afajof.org/issue/volume-74-issue-4/
10.1111/jofi.12637,https://afajof.org/issue/volume-74-issue-4/
10.1111/jofi.12640,https://afajof.org/issue/volume-74-issue-4/
10.1111/jofi.12634,https://afajof.org/issue/volume-74-issue-3/
10.1111/jofi.12774,https://afajof.org/issue/volume-74-issue-3/
10.1111/jofi.12759,https://afajof.org/issue/volume-74-issue-3/
10.1111/jofi.12757,https://afajof.org/issue/volume-74-issue-3/
10.1111/jofi.12752,https://afajof.org/issue/volume-74-issue-3/
10.1111/jofi.12763,https://afajof.org/issue/volume-74-issue-3/
10.1111/jofi.12756,https://afajof.org/issue/volume-74-issue-3/
10.1111/jofi.12755,https://afajof.org/issue/volume-74-issue-3/
10.1111/jofi.12761,https://afajof.org/issue/volume-74-issue-3/
10.1111/jofi.12758,https://afajof.org/issue/volume-74-issue-3/
10.1111/jofi.12760,https://afajof.org/issue/volume-74-issue-3/
10.1111/jofi.12764,https://afajof.org/issue/volume-74-issue-3/
10.1111/jofi.12762,https://afajof.org/issue/volume-74-issue-3/
10.1111/jofi.12631,https://afajof.org/issue/volume-74-issue-3/
10.1111/jofi.12632,https://afajof.org/issue/volume-74-issue-3/
10.1111/jofi.12635,https://afajof.org/issue/volume-74-issue-3/
10.1111/jofi.12629,https://afajof.org/issue/volume-74-issue-2/
10.1111/jofi.12767,https://afajof.org/issue/volume-74-issue-2/
10.1111/jofi.12751,https://afajof.org/issue/volume-74-issue-2/
10.1111/jofi.12749,https://afajof.org/issue/volume-74-issue-2/
10.1111/jofi.12734,https://afajof.org/issue/volume-74-issue-2/
10.1111/jofi.12750,https://afajof.org/issue/volume-74-issue-2/
10.1111/jofi.12753,https://afajof.org/issue/volume-74-issue-2/
10.1111/jofi.12745,https://afajof.org/issue/volume-74-issue-2/
10.1111/jofi.12744,https://afajof.org/issue/volume-74-issue-2/
10.1111/jofi.12748,https://afajof.org/issue/volume-74-issue-2/
10.1111/jofi.12743,https://afajof.org/issue/volume-74-issue-2/
10.1111/jofi.12746,https://afajof.org/issue/volume-74-issue-2/
10.1111/jofi.12754,https://afajof.org/issue/volume-74-issue-2/
10.1111/jofi.12747,https://afajof.org/issue/volume-74-issue-2/
10.1111/jofi.12626,https://afajof.org/issue/volume-74-issue-2/
10.1111/jofi.12627,https://afajof.org/issue/volume-74-issue-2/
10.1111/jofi.12630,https://afajof.org/issue/volume-74-issue-2/
10.1111/jofi.12624,https://afajof.org/issue/volume-74-issue-1/
10.1111/jofi.12740,https://afajof.org/issue/volume-74-issue-1/
10.1111/jofi.12735,https://afajof.org/issue/volume-74-issue-1/
10.1111/jofi.12728,https://afajof.org/issue/volume-74-issue-1/
10.1111/jofi.12739,https://afajof.org/issue/volume-74-issue-1/
10.1111/jofi.12732,https://afajof.org/issue/volume-74-issue-1/
10.1111/jofi.12738,https://afajof.org/issue/volume-74-issue-1/
10.1111/jofi.12730,https://afajof.org/issue/volume-74-issue-1/
10.1111/jofi.12737,https://afajof.org/issue/volume-74-issue-1/
10.1111/jofi.12729,https://afajof.org/issue/volume-74-issue-1/
10.1111/jofi.12731,https://afajof.org/issue/volume-74-issue-1/
10.1111/jofi.12733,https://afajof.org/issue/volume-74-issue-1/
10.1111/jofi.12736,https://afajof.org/issue/volume-74-issue-1/
10.1111/jofi.12621,https://afajof.org/issue/volume-74-issue-1/
10.1111/jofi.12622,https://afajof.org/issue/volume-74-issue-1/
10.1111/jofi.12623,https://afajof.org/issue/volume-74-issue-1/
10.1111/jofi.12625,https://afajof.org/issue/volume-74-issue-1/
10.1111/jofi.12577,https://afajof.org/issue/volume-73-issue-6/
10.1111/jofi.12727,https://afajof.org/issue/volume-73-issue-6/
10.1111/jofi.12717,https://afajof.org/issue/volume-73-issue-6/
10.1111/jofi.12719,https://afajof.org/issue/volume-73-issue-6/
10.1111/jofi.12721,https://afajof.org/issue/volume-73-issue-6/
10.1111/jofi.12725,https://afajof.org/issue/volume-73-issue-6/
10.1111/jofi.12720,https://afajof.org/issue/volume-73-issue-6/
10.1111/jofi.12722,https://afajof.org/issue/volume-73-issue-6/
10.1111/jofi.12726,https://afajof.org/issue/volume-73-issue-6/
10.1111/jofi.12724,https://afajof.org/issue/volume-73-issue-6/
10.1111/jofi.12723,https://afajof.org/issue/volume-73-issue-6/
10.1111/jofi.12574,https://afajof.org/issue/volume-73-issue-6/
10.1111/jofi.12575,https://afajof.org/issue/volume-73-issue-6/
10.1111/jofi.12576,https://afajof.org/issue/volume-73-issue-6/
10.1111/jofi.12741,https://afajof.org/issue/volume-73-issue-6/
10.1111/jofi.12742,https://afajof.org/issue/volume-73-issue-6/
10.1111/jofi.12578,https://afajof.org/issue/volume-73-issue-6/
10.1111/jofi.12572,https://afajof.org/issue/volume-73-issue-5/
10.1111/jofi.12718,https://afajof.org/issue/volume-73-issue-5/
10.1111/jofi.12691,https://afajof.org/issue/volume-73-issue-5/
10.1111/jofi.12706,https://afajof.org/issue/volume-73-issue-5/
10.1111/jofi.12704,https://afajof.org/issue/volume-73-issue-5/
10.1111/jofi.12700,https://afajof.org/issue/volume-73-issue-5/
10.1111/jofi.12702,https://afajof.org/issue/volume-73-issue-5/
10.1111/jofi.12699,https://afajof.org/issue/volume-73-issue-5/
10.1111/jofi.12701,https://afajof.org/issue/volume-73-issue-5/
10.1111/jofi.12703,https://afajof.org/issue/volume-73-issue-5/
10.1111/jofi.12705,https://afajof.org/issue/volume-73-issue-5/
10.1111/jofi.12692,https://afajof.org/issue/volume-73-issue-5/
10.1111/jofi.12690,https://afajof.org/issue/volume-73-issue-5/
10.1111/jofi.12569,https://afajof.org/issue/volume-73-issue-5/
10.1111/jofi.12570,https://afajof.org/issue/volume-73-issue-5/
10.1111/jofi.12573,https://afajof.org/issue/volume-73-issue-5/
10.1111/jofi.12567,https://afajof.org/issue/volume-73-issue-4/
10.1111/jofi.12710,https://afajof.org/issue/volume-73-issue-4/
10.1111/jofi.12698,https://afajof.org/issue/volume-73-issue-4/
10.1111/jofi.12685,https://afajof.org/issue/volume-73-issue-4/
10.1111/jofi.12694,https://afajof.org/issue/volume-73-issue-4/
10.1111/jofi.12696,https://afajof.org/issue/volume-73-issue-4/
10.1111/jofi.12689,https://afajof.org/issue/volume-73-issue-4/
10.1111/jofi.12688,https://afajof.org/issue/volume-73-issue-4/
10.1111/jofi.12684,https://afajof.org/issue/volume-73-issue-4/
10.1111/jofi.12687,https://afajof.org/issue/volume-73-issue-4/
10.1111/jofi.12695,https://afajof.org/issue/volume-73-issue-4/
10.1111/jofi.12697,https://afajof.org/issue/volume-73-issue-4/
10.1111/jofi.12708,https://afajof.org/issue/volume-73-issue-4/
10.1111/jofi.12707,https://afajof.org/issue/volume-73-issue-4/
10.1111/jofi.12709,https://afajof.org/issue/volume-73-issue-4/
10.1111/jofi.12566,https://afajof.org/issue/volume-73-issue-4/
10.1111/jofi.12565,https://afajof.org/issue/volume-73-issue-4/
10.1111/jofi.12568,https://afajof.org/issue/volume-73-issue-4/
10.1111/jofi.12562,https://afajof.org/issue/volume-73-issue-3/
10.1111/jofi.12686,https://afajof.org/issue/volume-73-issue-3/
10.1111/jofi.12620,https://afajof.org/issue/volume-73-issue-3/
10.1111/jofi.12611,https://afajof.org/issue/volume-73-issue-3/
10.1111/jofi.12614,https://afajof.org/issue/volume-73-issue-3/
10.1111/jofi.12615,https://afajof.org/issue/volume-73-issue-3/
10.1111/jofi.12619,https://afajof.org/issue/volume-73-issue-3/
10.1111/jofi.12610,https://afajof.org/issue/volume-73-issue-3/
10.1111/jofi.12612,https://afajof.org/issue/volume-73-issue-3/
10.1111/jofi.12618,https://afajof.org/issue/volume-73-issue-3/
10.1111/jofi.12616,https://afajof.org/issue/volume-73-issue-3/
10.1111/jofi.12609,https://afajof.org/issue/volume-73-issue-3/
10.1111/jofi.12617,https://afajof.org/issue/volume-73-issue-3/
10.1111/jofi.12613,https://afajof.org/issue/volume-73-issue-3/
10.1111/jofi.12559,https://afajof.org/issue/volume-73-issue-3/
10.1111/jofi.12560,https://afajof.org/issue/volume-73-issue-3/
10.1111/jofi.12563,https://afajof.org/issue/volume-73-issue-3/
10.1111/jofi.12557,https://afajof.org/issue/volume-73-issue-2/
10.1111/jofi.12681,https://afajof.org/issue/volume-73-issue-2/
10.1111/jofi.12593,https://afajof.org/issue/volume-73-issue-2/
10.1111/jofi.12602,https://afajof.org/issue/volume-73-issue-2/
10.1111/jofi.12592,https://afajof.org/issue/volume-73-issue-2/
10.1111/jofi.12606,https://afajof.org/issue/volume-73-issue-2/
10.1111/jofi.12600,https://afajof.org/issue/volume-73-issue-2/
10.1111/jofi.12607,https://afajof.org/issue/volume-73-issue-2/
10.1111/jofi.12601,https://afajof.org/issue/volume-73-issue-2/
10.1111/jofi.12604,https://afajof.org/issue/volume-73-issue-2/
10.1111/jofi.12605,https://afajof.org/issue/volume-73-issue-2/
10.1111/jofi.12603,https://afajof.org/issue/volume-73-issue-2/
10.1111/jofi.12554,https://afajof.org/issue/volume-73-issue-2/
10.1111/jofi.12555,https://afajof.org/issue/volume-73-issue-2/
10.1111/jofi.12558,https://afajof.org/issue/volume-73-issue-2/
10.1111/jofi.12552,https://afajof.org/issue/volume-73-issue-1/
10.1111/jofi.12589,https://afajof.org/issue/volume-73-issue-1/
10.1111/jofi.12591,https://afajof.org/issue/volume-73-issue-1/
10.1111/jofi.12590,https://afajof.org/issue/volume-73-issue-1/
10.1111/jofi.12588,https://afajof.org/issue/volume-73-issue-1/
10.1111/jofi.12586,https://afajof.org/issue/volume-73-issue-1/
10.1111/jofi.12584,https://afajof.org/issue/volume-73-issue-1/
10.1111/jofi.12585,https://afajof.org/issue/volume-73-issue-1/
10.1111/jofi.12539,https://afajof.org/issue/volume-73-issue-1/
10.1111/jofi.12587,https://afajof.org/issue/volume-73-issue-1/
10.1111/jofi.12583,https://afajof.org/issue/volume-73-issue-1/
10.1111/jofi.12549,https://afajof.org/issue/volume-73-issue-1/
10.1111/jofi.12550,https://afajof.org/issue/volume-73-issue-1/
10.1111/jofi.12608,https://afajof.org/issue/volume-73-issue-1/
10.1111/jofi.12553,https://afajof.org/issue/volume-73-issue-1/
10.1111/jofi.12462,https://afajof.org/issue/volume-72-issue-6/
10.1111/jofi.12540,https://afajof.org/issue/volume-72-issue-6/
10.1111/jofi.12463,https://afajof.org/issue/volume-72-issue-6/
10.1111/jofi.12523,https://afajof.org/issue/volume-72-issue-6/
10.1111/jofi.12542,https://afajof.org/issue/volume-72-issue-6/
10.1111/jofi.12547,https://afajof.org/issue/volume-72-issue-6/
10.1111/jofi.12545,https://afajof.org/issue/volume-72-issue-6/
10.1111/jofi.12541,https://afajof.org/issue/volume-72-issue-6/
10.1111/jofi.12546,https://afajof.org/issue/volume-72-issue-6/
10.1111/jofi.12510,https://afajof.org/issue/volume-72-issue-6/
10.1111/jofi.12544,https://afajof.org/issue/volume-72-issue-6/
10.1111/jofi.12548,https://afajof.org/issue/volume-72-issue-6/
10.1111/jofi.12461,https://afajof.org/issue/volume-72-issue-6/
10.1111/jofi.12594,https://afajof.org/issue/volume-72-issue-6/
10.1111/jofi.12595,https://afajof.org/issue/volume-72-issue-6/
10.1111/jofi.12596,https://afajof.org/issue/volume-72-issue-6/
10.1111/jofi.12597,https://afajof.org/issue/volume-72-issue-6/
10.1111/jofi.12459,https://afajof.org/issue/volume-72-issue-5/
10.1111/jofi.12580,https://afajof.org/issue/volume-72-issue-5/
10.1111/jofi.12520,https://afajof.org/issue/volume-72-issue-5/
10.1111/jofi.12519,https://afajof.org/issue/volume-72-issue-5/
10.1111/jofi.12525,https://afajof.org/issue/volume-72-issue-5/
10.1111/jofi.12524,https://afajof.org/issue/volume-72-issue-5/
10.1111/jofi.12508,https://afajof.org/issue/volume-72-issue-5/
10.1111/jofi.12504,https://afajof.org/issue/volume-72-issue-5/
10.1111/jofi.12526,https://afajof.org/issue/volume-72-issue-5/
10.1111/jofi.12521,https://afajof.org/issue/volume-72-issue-5/
10.1111/jofi.12518,https://afajof.org/issue/volume-72-issue-5/
10.1111/jofi.12522,https://afajof.org/issue/volume-72-issue-5/
10.1111/jofi.12581,https://afajof.org/issue/volume-72-issue-5/
10.1111/jofi.12582,https://afajof.org/issue/volume-72-issue-5/
10.1111/jofi.12457,https://afajof.org/issue/volume-72-issue-5/
10.1111/jofi.12527,https://afajof.org/issue/volume-72-issue-4/
10.1111/jofi.12530,https://afajof.org/issue/volume-72-issue-4/
10.1111/jofi.12514,https://afajof.org/issue/volume-72-issue-4/
10.1111/jofi.12509,https://afajof.org/issue/volume-72-issue-4/
10.1111/jofi.12501,https://afajof.org/issue/volume-72-issue-4/
10.1111/jofi.12507,https://afajof.org/issue/volume-72-issue-4/
10.1111/jofi.12513,https://afajof.org/issue/volume-72-issue-4/
10.1111/jofi.12506,https://afajof.org/issue/volume-72-issue-4/
10.1111/jofi.12511,https://afajof.org/issue/volume-72-issue-4/
10.1111/jofi.12512,https://afajof.org/issue/volume-72-issue-4/
10.1111/jofi.12505,https://afajof.org/issue/volume-72-issue-4/
10.1111/jofi.12497,https://afajof.org/issue/volume-72-issue-4/
10.1111/jofi.12531,https://afajof.org/issue/volume-72-issue-4/
10.1111/jofi.12532,https://afajof.org/issue/volume-72-issue-4/
10.1111/jofi.12533,https://afajof.org/issue/volume-72-issue-4/
10.1111/jofi.12537,https://afajof.org/issue/volume-72-issue-4/
10.1111/jofi.12538,https://afajof.org/issue/volume-72-issue-4/
10.1111/jofi.12543,https://afajof.org/issue/volume-72-issue-4/
10.1111/jofi.12453,https://afajof.org/issue/volume-72-issue-3/
10.1111/jofi.12516,https://afajof.org/issue/volume-72-issue-3/
10.1111/jofi.12498,https://afajof.org/issue/volume-72-issue-3/
10.1111/jofi.12495,https://afajof.org/issue/volume-72-issue-3/
10.1111/jofi.12492,https://afajof.org/issue/volume-72-issue-3/
10.1111/jofi.12494,https://afajof.org/issue/volume-72-issue-3/
10.1111/jofi.12496,https://afajof.org/issue/volume-72-issue-3/
10.1111/jofi.12500,https://afajof.org/issue/volume-72-issue-3/
10.1111/jofi.12499,https://afajof.org/issue/volume-72-issue-3/
10.1111/jofi.12493,https://afajof.org/issue/volume-72-issue-3/
10.1111/jofi.12485,https://afajof.org/issue/volume-72-issue-3/
10.1111/jofi.12486,https://afajof.org/issue/volume-72-issue-3/
10.1111/jofi.12502,https://afajof.org/issue/volume-72-issue-3/
10.1111/jofi.12517,https://afajof.org/issue/volume-72-issue-3/
10.1111/jofi.12454,https://afajof.org/issue/volume-72-issue-3/
10.1111/jofi.12450,https://afajof.org/issue/volume-72-issue-2/
10.1111/jofi.12503,https://afajof.org/issue/volume-72-issue-2/
10.1111/jofi.12470,https://afajof.org/issue/volume-72-issue-2/
10.1111/jofi.12483,https://afajof.org/issue/volume-72-issue-2/
10.1111/jofi.12482,https://afajof.org/issue/volume-72-issue-2/
10.1111/jofi.12467,https://afajof.org/issue/volume-72-issue-2/
10.1111/jofi.12488,https://afajof.org/issue/volume-72-issue-2/
10.1111/jofi.12484,https://afajof.org/issue/volume-72-issue-2/
10.1111/jofi.12466,https://afajof.org/issue/volume-72-issue-2/
10.1111/jofi.12490,https://afajof.org/issue/volume-72-issue-2/
10.1111/jofi.12487,https://afajof.org/issue/volume-72-issue-2/
10.1111/jofi.12489,https://afajof.org/issue/volume-72-issue-2/
10.1111/jofi.12449,https://afajof.org/issue/volume-72-issue-2/
10.1111/jofi.12491,https://afajof.org/issue/volume-72-issue-2/
10.1111/jofi.12451,https://afajof.org/issue/volume-72-issue-2/
10.1111/jofi.12447,https://afajof.org/issue/volume-72-issue-1/
10.1111/jofi.12473,https://afajof.org/issue/volume-72-issue-1/
10.1111/jofi.12438,https://afajof.org/issue/volume-72-issue-1/
10.1111/jofi.12468,https://afajof.org/issue/volume-72-issue-1/
10.1111/jofi.12469,https://afajof.org/issue/volume-72-issue-1/
10.1111/jofi.12432,https://afajof.org/issue/volume-72-issue-1/
10.1111/jofi.12407,https://afajof.org/issue/volume-72-issue-1/
10.1111/jofi.12434,https://afajof.org/issue/volume-72-issue-1/
10.1111/jofi.12439,https://afajof.org/issue/volume-72-issue-1/
10.1111/jofi.12465,https://afajof.org/issue/volume-72-issue-1/
10.1111/jofi.12464,https://afajof.org/issue/volume-72-issue-1/
10.1111/jofi.12471,https://afajof.org/issue/volume-72-issue-1/
10.1111/jofi.12472,https://afajof.org/issue/volume-72-issue-1/
10.1111/jofi.12475,https://afajof.org/issue/volume-72-issue-1/
10.1111/jofi.12446,https://afajof.org/issue/volume-72-issue-1/
10.1111/jofi.12448,https://afajof.org/issue/volume-72-issue-1/
10.1111/jofi.12349,https://afajof.org/issue/volume-71-issue-6/
10.1111/jofi.12350,https://afajof.org/issue/volume-71-issue-6/
10.1111/jofi.12348,https://afajof.org/issue/volume-71-issue-6/
10.1111/jofi.12404,https://afajof.org/issue/volume-71-issue-6/
10.1111/jofi.12435,https://afajof.org/issue/volume-71-issue-6/
10.1111/jofi.12399,https://afajof.org/issue/volume-71-issue-6/
10.1111/jofi.12426,https://afajof.org/issue/volume-71-issue-6/
10.1111/jofi.12424,https://afajof.org/issue/volume-71-issue-6/
10.1111/jofi.12392,https://afajof.org/issue/volume-71-issue-6/
10.1111/jofi.12372,https://afajof.org/issue/volume-71-issue-6/
10.1111/jofi.12405,https://afajof.org/issue/volume-71-issue-6/
10.1111/jofi.12437,https://afajof.org/issue/volume-71-issue-6/
10.1111/jofi.12393,https://afajof.org/issue/volume-71-issue-6/
10.1111/jofi.12425,https://afajof.org/issue/volume-71-issue-6/
10.1111/jofi.12436,https://afajof.org/issue/volume-71-issue-6/
10.1111/jofi.12474,https://afajof.org/issue/volume-71-issue-6/
10.1111/jofi.12478,https://afajof.org/issue/volume-71-issue-6/
10.1111/jofi.12480,https://afajof.org/issue/volume-71-issue-6/
10.1111/jofi.12481,https://afajof.org/issue/volume-71-issue-6/
10.1111/jofi.12476,https://afajof.org/issue/volume-71-issue-6/
10.1111/jofi.12479,https://afajof.org/issue/volume-71-issue-6/
10.1111/jofi.12477,https://afajof.org/issue/volume-71-issue-6/
10.1111/jofi.12354,https://afajof.org/issue/volume-71-issue-6/
10.1111/jofi.12351,https://afajof.org/issue/volume-71-issue-6/
10.1111/jofi.12352,https://afajof.org/issue/volume-71-issue-6/
10.1111/jofi.12353,https://afajof.org/issue/volume-71-issue-6/
10.1111/jofi.12342,https://afajof.org/issue/volume-71-issue-5/
10.1111/jofi.12343,https://afajof.org/issue/volume-71-issue-5/
10.1111/jofi.12341,https://afajof.org/issue/volume-71-issue-5/
10.1111/jofi.12441,https://afajof.org/issue/volume-71-issue-5/
10.1111/jofi.12421,https://afajof.org/issue/volume-71-issue-5/
10.1111/jofi.12371,https://afajof.org/issue/volume-71-issue-5/
10.1111/jofi.12430,https://afajof.org/issue/volume-71-issue-5/
10.1111/jofi.12419,https://afajof.org/issue/volume-71-issue-5/
10.1111/jofi.12431,https://afajof.org/issue/volume-71-issue-5/
10.1111/jofi.12420,https://afajof.org/issue/volume-71-issue-5/
10.1111/jofi.12422,https://afajof.org/issue/volume-71-issue-5/
10.1111/jofi.12403,https://afajof.org/issue/volume-71-issue-5/
10.1111/jofi.12391,https://afajof.org/issue/volume-71-issue-5/
10.1111/jofi.12289,https://afajof.org/issue/volume-71-issue-5/
10.1111/jofi.12423,https://afajof.org/issue/volume-71-issue-5/
10.1111/jofi.12406,https://afajof.org/issue/volume-71-issue-5/
10.1111/jofi.12440,https://afajof.org/issue/volume-71-issue-5/
10.1111/jofi.12442,https://afajof.org/issue/volume-71-issue-5/
10.1111/jofi.12347,https://afajof.org/issue/volume-71-issue-5/
10.1111/jofi.12344,https://afajof.org/issue/volume-71-issue-5/
10.1111/jofi.12345,https://afajof.org/issue/volume-71-issue-5/
10.1111/jofi.12346,https://afajof.org/issue/volume-71-issue-5/
10.1111/jofi.12335,https://afajof.org/issue/volume-71-issue-4/
10.1111/jofi.12336,https://afajof.org/issue/volume-71-issue-4/
10.1111/jofi.12334,https://afajof.org/issue/volume-71-issue-4/
10.1111/jofi.12418,https://afajof.org/issue/volume-71-issue-4/
10.1111/jofi.12408,https://afajof.org/issue/volume-71-issue-4/
10.1111/jofi.12398,https://afajof.org/issue/volume-71-issue-4/
10.1111/jofi.12370,https://afajof.org/issue/volume-71-issue-4/
10.1111/jofi.12402,https://afajof.org/issue/volume-71-issue-4/
10.1111/jofi.12396,https://afajof.org/issue/volume-71-issue-4/
10.1111/jofi.12397,https://afajof.org/issue/volume-71-issue-4/
10.1111/jofi.12417,https://afajof.org/issue/volume-71-issue-4/
10.1111/jofi.12411,https://afajof.org/issue/volume-71-issue-4/
10.1111/jofi.12412,https://afajof.org/issue/volume-71-issue-4/
10.1111/jofi.12413,https://afajof.org/issue/volume-71-issue-4/
10.1111/jofi.12414,https://afajof.org/issue/volume-71-issue-4/
10.1111/jofi.12428,https://afajof.org/issue/volume-71-issue-4/
10.1111/jofi.12429,https://afajof.org/issue/volume-71-issue-4/
10.1111/jofi.12433,https://afajof.org/issue/volume-71-issue-4/
10.1111/jofi.12427,https://afajof.org/issue/volume-71-issue-4/
10.1111/jofi.12340,https://afajof.org/issue/volume-71-issue-4/
10.1111/jofi.12337,https://afajof.org/issue/volume-71-issue-4/
10.1111/jofi.12338,https://afajof.org/issue/volume-71-issue-4/
10.1111/jofi.12339,https://afajof.org/issue/volume-71-issue-4/
10.1111/jofi.12328,https://afajof.org/issue/volume-71-issue-3/
10.1111/jofi.12329,https://afajof.org/issue/volume-71-issue-3/
10.1111/jofi.12327,https://afajof.org/issue/volume-71-issue-3/
10.1111/jofi.12410,https://afajof.org/issue/volume-71-issue-3/
10.1111/jofi.12389,https://afajof.org/issue/volume-71-issue-3/
10.1111/jofi.12288,https://afajof.org/issue/volume-71-issue-3/
10.1111/jofi.12202,https://afajof.org/issue/volume-71-issue-3/
10.1111/jofi.12387,https://afajof.org/issue/volume-71-issue-3/
10.1111/jofi.12312,https://afajof.org/issue/volume-71-issue-3/
10.1111/jofi.12386,https://afajof.org/issue/volume-71-issue-3/
10.1111/jofi.12369,https://afajof.org/issue/volume-71-issue-3/
10.1111/jofi.12214,https://afajof.org/issue/volume-71-issue-3/
10.1111/jofi.12209,https://afajof.org/issue/volume-71-issue-3/
10.1111/jofi.12281,https://afajof.org/issue/volume-71-issue-3/
10.1111/jofi.12388,https://afajof.org/issue/volume-71-issue-3/
10.1111/jofi.12390,https://afajof.org/issue/volume-71-issue-3/
10.1111/jofi.12416,https://afajof.org/issue/volume-71-issue-3/
10.1111/jofi.12415,https://afajof.org/issue/volume-71-issue-3/
10.1111/jofi.12333,https://afajof.org/issue/volume-71-issue-3/
10.1111/jofi.12330,https://afajof.org/issue/volume-71-issue-3/
10.1111/jofi.12331,https://afajof.org/issue/volume-71-issue-3/
10.1111/jofi.12332,https://afajof.org/issue/volume-71-issue-3/
10.1111/jofi.12321,https://afajof.org/issue/volume-71-issue-2/
10.1111/jofi.12322,https://afajof.org/issue/volume-71-issue-2/
10.1111/jofi.12320,https://afajof.org/issue/volume-71-issue-2/
10.1111/jofi.12394,https://afajof.org/issue/volume-71-issue-2/
10.1111/jofi.12367,https://afajof.org/issue/volume-71-issue-2/
10.1111/jofi.12246,https://afajof.org/issue/volume-71-issue-2/
10.1111/jofi.12378,https://afajof.org/issue/volume-71-issue-2/
10.1111/jofi.12379,https://afajof.org/issue/volume-71-issue-2/
10.1111/jofi.12380,https://afajof.org/issue/volume-71-issue-2/
10.1111/jofi.12385,https://afajof.org/issue/volume-71-issue-2/
10.1111/jofi.12383,https://afajof.org/issue/volume-71-issue-2/
10.1111/jofi.12287,https://afajof.org/issue/volume-71-issue-2/
10.1111/jofi.12272,https://afajof.org/issue/volume-71-issue-2/
10.1111/jofi.12384,https://afajof.org/issue/volume-71-issue-2/
10.1111/jofi.12368,https://afajof.org/issue/volume-71-issue-2/
10.1111/jofi.12273,https://afajof.org/issue/volume-71-issue-2/
10.1111/jofi.12395,https://afajof.org/issue/volume-71-issue-2/
10.1111/jofi.12401,https://afajof.org/issue/volume-71-issue-2/
10.1111/jofi.12326,https://afajof.org/issue/volume-71-issue-2/
10.1111/jofi.12323,https://afajof.org/issue/volume-71-issue-2/
10.1111/jofi.12324,https://afajof.org/issue/volume-71-issue-2/
10.1111/jofi.12325,https://afajof.org/issue/volume-71-issue-2/
10.1111/jofi.12314,https://afajof.org/issue/volume-71-issue-1/
10.1111/jofi.12315,https://afajof.org/issue/volume-71-issue-1/
10.1111/jofi.12313,https://afajof.org/issue/volume-71-issue-1/
10.1111/jofi.12365,https://afajof.org/issue/volume-71-issue-1/
10.1111/jofi.12364,https://afajof.org/issue/volume-71-issue-1/
10.1111/jofi.12361,https://afajof.org/issue/volume-71-issue-1/
10.1111/jofi.12362,https://afajof.org/issue/volume-71-issue-1/
10.1111/jofi.12363,https://afajof.org/issue/volume-71-issue-1/
10.1111/jofi.12377,https://afajof.org/issue/volume-71-issue-1/
10.1111/jofi.12311,https://afajof.org/issue/volume-71-issue-1/
10.1111/jofi.12366,https://afajof.org/issue/volume-71-issue-1/
10.1111/jofi.12302,https://afajof.org/issue/volume-71-issue-1/
10.1111/jofi.12263,https://afajof.org/issue/volume-71-issue-1/
10.1111/jofi.12280,https://afajof.org/issue/volume-71-issue-1/
10.1111/jofi.12264,https://afajof.org/issue/volume-71-issue-1/
10.1111/jofi.12382,https://afajof.org/issue/volume-71-issue-1/
10.1111/jofi.12381,https://afajof.org/issue/volume-71-issue-1/
10.1111/jofi.12319,https://afajof.org/issue/volume-71-issue-1/
10.1111/jofi.12316,https://afajof.org/issue/volume-71-issue-1/
10.1111/jofi.12317,https://afajof.org/issue/volume-71-issue-1/
10.1111/jofi.12318,https://afajof.org/issue/volume-71-issue-1/
10.1111/jofi.12201,https://afajof.org/issue/volume-70-issue-6/
10.1111/jofi.12262,https://afajof.org/issue/volume-70-issue-6/
10.1111/jofi.12356,https://afajof.org/issue/volume-70-issue-6/
10.1111/jofi.12357,https://afajof.org/issue/volume-70-issue-6/
10.1111/jofi.12309,https://afajof.org/issue/volume-70-issue-6/
10.1111/jofi.12310,https://afajof.org/issue/volume-70-issue-6/
10.1111/jofi.12271,https://afajof.org/issue/volume-70-issue-6/
10.1111/jofi.12208,https://afajof.org/issue/volume-70-issue-6/
10.1111/jofi.12245,https://afajof.org/issue/volume-70-issue-6/
10.1111/jofi.12303,https://afajof.org/issue/volume-70-issue-6/
10.1111/jofi.12283,https://afajof.org/issue/volume-70-issue-6/
10.1111/jofi.12308,https://afajof.org/issue/volume-70-issue-6/
10.1111/jofi.12255,https://afajof.org/issue/volume-70-issue-6/
10.1111/jofi.12359,https://afajof.org/issue/volume-70-issue-6/
10.1111/jofi.12360,https://afajof.org/issue/volume-70-issue-6/
10.1111/jofi.12375,https://afajof.org/issue/volume-70-issue-6/
10.1111/jofi.12376,https://afajof.org/issue/volume-70-issue-6/
10.1111/jofi.12355,https://afajof.org/issue/volume-70-issue-5/
10.1111/jofi.12199,https://afajof.org/issue/volume-70-issue-5/
10.1111/jofi.12286,https://afajof.org/issue/volume-70-issue-5/
10.1111/jofi.12244,https://afajof.org/issue/volume-70-issue-5/
10.1111/jofi.12285,https://afajof.org/issue/volume-70-issue-5/
10.1111/jofi.12223,https://afajof.org/issue/volume-70-issue-5/
10.1111/jofi.12261,https://afajof.org/issue/volume-70-issue-5/
10.1111/jofi.12279,https://afajof.org/issue/volume-70-issue-5/
10.1111/jofi.12282,https://afajof.org/issue/volume-70-issue-5/
10.1111/jofi.12269,https://afajof.org/issue/volume-70-issue-5/
10.1111/jofi.12301,https://afajof.org/issue/volume-70-issue-5/
10.1111/jofi.12259,https://afajof.org/issue/volume-70-issue-5/
10.1111/jofi.12284,https://afajof.org/issue/volume-70-issue-5/
10.1111/jofi.12307,https://afajof.org/issue/volume-70-issue-5/
10.1111/jofi.12304,https://afajof.org/issue/volume-70-issue-5/
10.1111/jofi.12305,https://afajof.org/issue/volume-70-issue-5/
10.1111/jofi.12295,https://afajof.org/issue/volume-70-issue-4/
10.1111/jofi.12275,https://afajof.org/issue/volume-70-issue-4/
10.1111/jofi.12207,https://afajof.org/issue/volume-70-issue-4/
10.1111/jofi.12251,https://afajof.org/issue/volume-70-issue-4/
10.1111/jofi.12252,https://afajof.org/issue/volume-70-issue-4/
10.1111/jofi.12260,https://afajof.org/issue/volume-70-issue-4/
10.1111/jofi.12234,https://afajof.org/issue/volume-70-issue-4/
10.1111/jofi.12198,https://afajof.org/issue/volume-70-issue-4/
10.1111/jofi.12253,https://afajof.org/issue/volume-70-issue-4/
10.1111/jofi.12226,https://afajof.org/issue/volume-70-issue-4/
10.1111/jofi.12254,https://afajof.org/issue/volume-70-issue-4/
10.1111/jofi.12270,https://afajof.org/issue/volume-70-issue-4/
10.1111/jofi.12290,https://afajof.org/issue/volume-70-issue-4/
10.1111/jofi.12292,https://afajof.org/issue/volume-70-issue-4/
10.1111/jofi.12291,https://afajof.org/issue/volume-70-issue-4/
10.1111/jofi.12293,https://afajof.org/issue/volume-70-issue-4/
10.1111/jofi.12294,https://afajof.org/issue/volume-70-issue-4/
10.1111/jofi.12306,https://afajof.org/issue/volume-70-issue-4/
10.1111/jofi.12257,https://afajof.org/issue/volume-70-issue-3/
10.1111/jofi.12240,https://afajof.org/issue/volume-70-issue-3/
10.1111/jofi.12241,https://afajof.org/issue/volume-70-issue-3/
10.1111/jofi.12248,https://afajof.org/issue/volume-70-issue-3/
10.1111/jofi.12249,https://afajof.org/issue/volume-70-issue-3/
10.1111/jofi.12242,https://afajof.org/issue/volume-70-issue-3/
10.1111/jofi.12258,https://afajof.org/issue/volume-70-issue-3/
10.1111/jofi.12243,https://afajof.org/issue/volume-70-issue-3/
10.1111/jofi.12250,https://afajof.org/issue/volume-70-issue-3/
10.1111/jofi.12157,https://afajof.org/issue/volume-70-issue-3/
10.1111/jofi.12278,https://afajof.org/issue/volume-70-issue-3/
10.1111/jofi.12298,https://afajof.org/issue/volume-70-issue-3/
10.1111/jofi.12299,https://afajof.org/issue/volume-70-issue-3/
10.1111/jofi.12231,https://afajof.org/issue/volume-70-issue-2/
10.1111/jofi.12230,https://afajof.org/issue/volume-70-issue-2/
10.1111/jofi.12233,https://afajof.org/issue/volume-70-issue-2/
10.1111/jofi.12220,https://afajof.org/issue/volume-70-issue-2/
10.1111/jofi.12092,https://afajof.org/issue/volume-70-issue-2/
10.1111/jofi.12224,https://afajof.org/issue/volume-70-issue-2/
10.1111/jofi.12221,https://afajof.org/issue/volume-70-issue-2/
10.1111/jofi.12235,https://afajof.org/issue/volume-70-issue-2/
10.1111/jofi.12222,https://afajof.org/issue/volume-70-issue-2/
10.1111/jofi.12232,https://afajof.org/issue/volume-70-issue-2/
10.1111/jofi.12225,https://afajof.org/issue/volume-70-issue-2/
10.1111/jofi.12134,https://afajof.org/issue/volume-70-issue-2/
10.1111/jofi.12256,https://afajof.org/issue/volume-70-issue-2/
10.1111/jofi.12267,https://afajof.org/issue/volume-70-issue-2/
10.1111/jofi.12268,https://afajof.org/issue/volume-70-issue-2/
10.1111/jofi.12182,https://afajof.org/issue/volume-70-issue-1/
10.1111/jofi.12101,https://afajof.org/issue/volume-70-issue-1/
10.1111/jofi.12188,https://afajof.org/issue/volume-70-issue-1/
10.1111/jofi.12195,https://afajof.org/issue/volume-70-issue-1/
10.1111/jofi.12215,https://afajof.org/issue/volume-70-issue-1/
10.1111/jofi.12216,https://afajof.org/issue/volume-70-issue-1/
10.1111/jofi.12120,https://afajof.org/issue/volume-70-issue-1/
10.1111/jofi.12155,https://afajof.org/issue/volume-70-issue-1/
10.1111/jofi.12196,https://afajof.org/issue/volume-70-issue-1/
10.1111/jofi.12163,https://afajof.org/issue/volume-70-issue-1/
10.1111/jofi.12164,https://afajof.org/issue/volume-70-issue-1/
10.1111/jofi.12156,https://afajof.org/issue/volume-70-issue-1/
10.1111/jofi.12236,https://afajof.org/issue/volume-70-issue-1/
10.1111/jofi.12239,https://afajof.org/issue/volume-70-issue-1/
10.1111/jofi.12205,https://afajof.org/issue/volume-69-issue-6/
10.1111/jofi.12168,https://afajof.org/issue/volume-69-issue-6/
10.1111/jofi.12143,https://afajof.org/issue/volume-69-issue-6/
10.1111/jofi.12110,https://afajof.org/issue/volume-69-issue-6/
10.1111/jofi.12194,https://afajof.org/issue/volume-69-issue-6/
10.1111/jofi.12189,https://afajof.org/issue/volume-69-issue-6/
10.1111/jofi.12203,https://afajof.org/issue/volume-69-issue-6/
10.1111/jofi.12200,https://afajof.org/issue/volume-69-issue-6/
10.1111/jofi.12206,https://afajof.org/issue/volume-69-issue-6/
10.1111/jofi.12204,https://afajof.org/issue/volume-69-issue-6/
10.1111/jofi.12085,https://afajof.org/issue/volume-69-issue-6/
10.1111/jofi.12167,https://afajof.org/issue/volume-69-issue-6/
10.1111/jofi.12217,https://afajof.org/issue/volume-69-issue-6/
10.1111/jofi.12228,https://afajof.org/issue/volume-69-issue-6/
10.1111/jofi.12219,https://afajof.org/issue/volume-69-issue-6/
10.1111/jofi.12218,https://afajof.org/issue/volume-69-issue-6/
10.1111/jofi.12154,https://afajof.org/issue/volume-69-issue-5/
10.1111/jofi.12183,https://afajof.org/issue/volume-69-issue-5/
10.1111/jofi.12059,https://afajof.org/issue/volume-69-issue-5/
10.1111/jofi.12153,https://afajof.org/issue/volume-69-issue-5/
10.1111/jofi.12179,https://afajof.org/issue/volume-69-issue-5/
10.1111/jofi.12186,https://afajof.org/issue/volume-69-issue-5/
10.1111/jofi.12187,https://afajof.org/issue/volume-69-issue-5/
10.1111/jofi.12184,https://afajof.org/issue/volume-69-issue-5/
10.1111/jofi.12032,https://afajof.org/issue/volume-69-issue-5/
10.1111/jofi.12185,https://afajof.org/issue/volume-69-issue-5/
10.1111/jofi.12180,https://afajof.org/issue/volume-69-issue-5/
10.1111/jofi.12181,https://afajof.org/issue/volume-69-issue-5/
10.1111/jofi.12210,https://afajof.org/issue/volume-69-issue-5/
10.1111/jofi.12211,https://afajof.org/issue/volume-69-issue-5/
10.1111/jofi.12174,https://afajof.org/issue/volume-69-issue-4/
10.1111/jofi.12084,https://afajof.org/issue/volume-69-issue-4/
10.1111/jofi.12152,https://afajof.org/issue/volume-69-issue-4/
10.1111/jofi.12166,https://afajof.org/issue/volume-69-issue-4/
10.1111/jofi.12165,https://afajof.org/issue/volume-69-issue-4/
10.1111/jofi.12161,https://afajof.org/issue/volume-69-issue-4/
10.1111/jofi.12162,https://afajof.org/issue/volume-69-issue-4/
10.1111/jofi.12048,https://afajof.org/issue/volume-69-issue-4/
10.1111/jofi.12151,https://afajof.org/issue/volume-69-issue-4/
10.1111/jofi.12127,https://afajof.org/issue/volume-69-issue-4/
10.1111/jofi.12128,https://afajof.org/issue/volume-69-issue-4/
10.1111/jofi.12175,https://afajof.org/issue/volume-69-issue-4/
10.1111/jofi.12178,https://afajof.org/issue/volume-69-issue-4/
10.1111/jofi.12176,https://afajof.org/issue/volume-69-issue-4/
10.1111/jofi.12190,https://afajof.org/issue/volume-69-issue-4/
10.1111/jofi.12191,https://afajof.org/issue/volume-69-issue-4/
10.1111/jofi.12133,https://afajof.org/issue/volume-69-issue-3/
10.1111/jofi.12139,https://afajof.org/issue/volume-69-issue-3/
10.1111/jofi.12140,https://afajof.org/issue/volume-69-issue-3/
10.1111/jofi.12149,https://afajof.org/issue/volume-69-issue-3/
10.1111/jofi.12142,https://afajof.org/issue/volume-69-issue-3/
10.1111/jofi.12138,https://afajof.org/issue/volume-69-issue-3/
10.1111/jofi.12131,https://afajof.org/issue/volume-69-issue-3/
10.1111/jofi.12132,https://afajof.org/issue/volume-69-issue-3/
10.1111/jofi.12150,https://afajof.org/issue/volume-69-issue-3/
10.1111/jofi.12141,https://afajof.org/issue/volume-69-issue-3/
10.1111/jofi.12091,https://afajof.org/issue/volume-69-issue-3/
10.1111/jofi.12047,https://afajof.org/issue/volume-69-issue-3/
10.1111/jofi.12169,https://afajof.org/issue/volume-69-issue-3/
10.1111/jofi.12171,https://afajof.org/issue/volume-69-issue-3/
10.1111/jofi.12129,https://afajof.org/issue/volume-69-issue-2/
10.1111/jofi.12122,https://afajof.org/issue/volume-69-issue-2/
10.1111/jofi.12130,https://afajof.org/issue/volume-69-issue-2/
10.1111/jofi.12121,https://afajof.org/issue/volume-69-issue-2/
10.1111/jofi.12107,https://afajof.org/issue/volume-69-issue-2/
10.1111/jofi.12136,https://afajof.org/issue/volume-69-issue-2/
10.1111/jofi.12118,https://afajof.org/issue/volume-69-issue-2/
10.1111/jofi.12123,https://afajof.org/issue/volume-69-issue-2/
10.1111/jofi.12124,https://afajof.org/issue/volume-69-issue-2/
10.1111/jofi.12125,https://afajof.org/issue/volume-69-issue-2/
10.1111/jofi.12126,https://afajof.org/issue/volume-69-issue-2/
10.1111/jofi.12063,https://afajof.org/issue/volume-69-issue-2/
10.1111/jofi.12147,https://afajof.org/issue/volume-69-issue-2/
10.1111/jofi.12160,https://afajof.org/issue/volume-69-issue-2/
10.1111/jofi.12099,https://afajof.org/issue/volume-69-issue-1/
10.1111/jofi.12090,https://afajof.org/issue/volume-69-issue-1/
10.1111/jofi.12095,https://afajof.org/issue/volume-69-issue-1/
10.1111/jofi.12094,https://afajof.org/issue/volume-69-issue-1/
10.1111/jofi.12106,https://afajof.org/issue/volume-69-issue-1/
10.1111/jofi.12108,https://afajof.org/issue/volume-69-issue-1/
10.1111/jofi.12109,https://afajof.org/issue/volume-69-issue-1/
10.1111/jofi.12050,https://afajof.org/issue/volume-69-issue-1/
10.1111/jofi.12089,https://afajof.org/issue/volume-69-issue-1/
10.1111/jofi.12043,https://afajof.org/issue/volume-69-issue-1/
10.1111/jofi.12100,https://afajof.org/issue/volume-69-issue-1/
10.1111/jofi.12096,https://afajof.org/issue/volume-69-issue-1/
10.1111/jofi.12135,https://afajof.org/issue/volume-69-issue-1/
10.1111/jofi.12137,https://afajof.org/issue/volume-69-issue-1/
10.1111/jofi.12082,https://afajof.org/issue/volume-68-issue-6/
10.1111/jofi.12081,https://afajof.org/issue/volume-68-issue-6/
10.1111/jofi.12080,https://afajof.org/issue/volume-68-issue-6/
10.1111/jofi.12083,https://afajof.org/issue/volume-68-issue-6/
10.1111/jofi.12062,https://afajof.org/issue/volume-68-issue-6/
10.1111/jofi.12070,https://afajof.org/issue/volume-68-issue-6/
10.1111/jofi.12086,https://afajof.org/issue/volume-68-issue-6/
10.1111/jofi.12073,https://afajof.org/issue/volume-68-issue-6/
10.1111/jofi.12087,https://afajof.org/issue/volume-68-issue-6/
10.1111/jofi.12058,https://afajof.org/issue/volume-68-issue-6/
10.1111/jofi.12035,https://afajof.org/issue/volume-68-issue-6/
10.1111/jofi.12088,https://afajof.org/issue/volume-68-issue-6/
10.1111/jofi.12112,https://afajof.org/issue/volume-68-issue-6/
10.1111/jofi.12177,https://afajof.org/issue/volume-68-issue-6/
10.1111/jofi.12113,https://afajof.org/issue/volume-68-issue-6/
10.1111/jofi.12114,https://afajof.org/issue/volume-68-issue-6/
10.1111/jofi.12097,https://afajof.org/issue/volume-68-issue-5/
10.1111/jofi.12098,https://afajof.org/issue/volume-68-issue-5/
10.1111/jofi.12060,https://afajof.org/issue/volume-68-issue-5/
10.1111/jofi.12057,https://afajof.org/issue/volume-68-issue-5/
10.1111/jofi.12053,https://afajof.org/issue/volume-68-issue-5/
10.1111/jofi.12068,https://afajof.org/issue/volume-68-issue-5/
10.1111/jofi.12051,https://afajof.org/issue/volume-68-issue-5/
10.1111/jofi.12029,https://afajof.org/issue/volume-68-issue-5/
10.1111/jofi.12067,https://afajof.org/issue/volume-68-issue-5/
10.1111/jofi.12069,https://afajof.org/issue/volume-68-issue-5/
10.1111/jofi.12056,https://afajof.org/issue/volume-68-issue-5/
10.1111/jofi.12052,https://afajof.org/issue/volume-68-issue-5/
10.1111/jofi.12061,https://afajof.org/issue/volume-68-issue-5/
10.1111/jofi.12055,https://afajof.org/issue/volume-68-issue-5/
10.1111/jofi.12093,https://afajof.org/issue/volume-68-issue-5/
10.1111/jofi.12104,https://afajof.org/issue/volume-68-issue-5/
10.1111/jofi.12072,https://afajof.org/issue/volume-68-issue-4/
10.1111/jofi.12031,https://afajof.org/issue/volume-68-issue-4/
10.1111/jofi.12034,https://afajof.org/issue/volume-68-issue-4/
10.1111/jofi.12042,https://afajof.org/issue/volume-68-issue-4/
10.1111/jofi.12026,https://afajof.org/issue/volume-68-issue-4/
10.1111/jofi.12044,https://afajof.org/issue/volume-68-issue-4/
10.1111/jofi.12040,https://afajof.org/issue/volume-68-issue-4/
10.1111/jofi.12045,https://afajof.org/issue/volume-68-issue-4/
10.1111/jofi.12046,https://afajof.org/issue/volume-68-issue-4/
10.1111/jofi.12041,https://afajof.org/issue/volume-68-issue-4/
10.1111/jofi.12049,https://afajof.org/issue/volume-68-issue-4/
10.1111/jofi.12071,https://afajof.org/issue/volume-68-issue-4/
10.1111/jofi.12074,https://afajof.org/issue/volume-68-issue-4/
10.1111/jofi.12075,https://afajof.org/issue/volume-68-issue-4/
10.1111/jofi.12076,https://afajof.org/issue/volume-68-issue-4/
10.1111/jofi.12079,https://afajof.org/issue/volume-68-issue-4/
10.1111/jofi.12030,https://afajof.org/issue/volume-68-issue-3/
10.1111/jofi.12023,https://afajof.org/issue/volume-68-issue-3/
10.1111/jofi.12022,https://afajof.org/issue/volume-68-issue-3/
10.1111/jofi.12020,https://afajof.org/issue/volume-68-issue-3/
10.1111/jofi.12021,https://afajof.org/issue/volume-68-issue-3/
10.1111/jofi.12018,https://afajof.org/issue/volume-68-issue-3/
10.1111/jofi.12017,https://afajof.org/issue/volume-68-issue-3/
10.1111/jofi.12019,https://afajof.org/issue/volume-68-issue-3/
10.1111/jofi.12024,https://afajof.org/issue/volume-68-issue-3/
10.1111/jofi.12025,https://afajof.org/issue/volume-68-issue-3/
10.1111/jofi.12028,https://afajof.org/issue/volume-68-issue-3/
10.1111/jofi.12027,https://afajof.org/issue/volume-68-issue-3/
10.1111/jofi.12033,https://afajof.org/issue/volume-68-issue-3/
10.1111/jofi.12066,https://afajof.org/issue/volume-68-issue-3/
10.1111/jofi.12054,https://afajof.org/issue/volume-68-issue-3/
10.1111/jofi.12003,https://afajof.org/issue/volume-68-issue-2/
10.1111/jofi.12004,https://afajof.org/issue/volume-68-issue-2/
10.1111/jofi.12005,https://afajof.org/issue/volume-68-issue-2/
10.1111/jofi.12006,https://afajof.org/issue/volume-68-issue-2/
10.1111/jofi.12007,https://afajof.org/issue/volume-68-issue-2/
10.1111/jofi.12008,https://afajof.org/issue/volume-68-issue-2/
10.1111/jofi.12009,https://afajof.org/issue/volume-68-issue-2/
10.1111/jofi.12010,https://afajof.org/issue/volume-68-issue-2/
10.1111/jofi.12011,https://afajof.org/issue/volume-68-issue-2/
10.1111/jofi.12012,https://afajof.org/issue/volume-68-issue-2/
10.1111/jofi.12016,https://afajof.org/issue/volume-68-issue-2/
10.1111/jofi.12039,https://afajof.org/issue/volume-68-issue-2/
10.1111/jofi.12015,https://afajof.org/issue/volume-68-issue-1/
10.1111/jofi.12002,https://afajof.org/issue/volume-67-issue-6/
